{
  "api/areas/hospital" : {
    "transaction" : "api/areas/hospital",
    "sampleCount" : 100,
    "errorCount" : 0,
    "errorPct" : 0.0,
    "meanResTime" : 342.3900000000001,
    "medianResTime" : 232.0,
    "minResTime" : 134.0,
    "maxResTime" : 1236.0,
    "pct1ResTime" : 781.4000000000001,
    "pct2ResTime" : 958.5999999999997,
    "pct3ResTime" : 1235.85,
    "throughput" : 1.0240131073677743,
    "receivedKBytesPerSec" : 183.4503481644565,
    "sentKBytesPerSec" : 0.6170078977010905
  },
  "Pelaporan_Production" : {
    "transaction" : "Pelaporan_Production",
    "sampleCount" : 100,
    "errorCount" : 0,
    "errorPct" : 0.0,
    "meanResTime" : 786.1700000000001,
    "medianResTime" : 648.5,
    "minResTime" : 319.0,
    "maxResTime" : 2352.0,
    "pct1ResTime" : 1535.3,
    "pct2ResTime" : 1741.5,
    "pct3ResTime" : 2348.5299999999984,
    "throughput" : 1.0029587282483325,
    "receivedKBytesPerSec" : 194.46821247680657,
    "sentKBytesPerSec" : 3.4917459630911187
  },
  "api/areas/village/32.17.09" : {
    "transaction" : "api/areas/village/32.17.09",
    "sampleCount" : 100,
    "errorCount" : 0,
    "errorPct" : 0.0,
    "meanResTime" : 33.999999999999986,
    "medianResTime" : 20.0,
    "minResTime" : 13.0,
    "maxResTime" : 444.0,
    "pct1ResTime" : 48.0,
    "pct2ResTime" : 87.5499999999999,
    "pct3ResTime" : 443.0099999999995,
    "throughput" : 1.0269470916858363,
    "receivedKBytesPerSec" : 1.291706888761091,
    "sentKBytesPerSec" : 0.6127584697461387
  },
  "api/areas/district-city" : {
    "transaction" : "api/areas/district-city",
    "sampleCount" : 100,
    "errorCount" : 0,
    "errorPct" : 0.0,
    "meanResTime" : 48.62999999999999,
    "medianResTime" : 25.5,
    "minResTime" : 13.0,
    "maxResTime" : 413.0,
    "pct1ResTime" : 123.80000000000001,
    "pct2ResTime" : 178.74999999999994,
    "pct3ResTime" : 411.55999999999926,
    "throughput" : 1.0271580590821316,
    "receivedKBytesPerSec" : 1.8125728640248162,
    "sentKBytesPerSec" : 0.6098750975800157
  },
  "Total" : {
    "transaction" : "Total",
    "sampleCount" : 600,
    "errorCount" : 0,
    "errorPct" : 0.0,
    "meanResTime" : 131.02833333333342,
    "medianResTime" : 39.5,
    "minResTime" : 13.0,
    "maxResTime" : 1674.0,
    "pct1ResTime" : 327.39999999999986,
    "pct2ResTime" : 531.8499999999998,
    "pct3ResTime" : 959.7200000000003,
    "throughput" : 6.032636563810213,
    "receivedKBytesPerSec" : 194.949206456932,
    "sentKBytesPerSec" : 3.5003823811821957
  },
  "api/country" : {
    "transaction" : "api/country",
    "sampleCount" : 100,
    "errorCount" : 0,
    "errorPct" : 0.0,
    "meanResTime" : 40.80000000000002,
    "medianResTime" : 25.0,
    "minResTime" : 16.0,
    "maxResTime" : 400.0,
    "pct1ResTime" : 72.30000000000004,
    "pct2ResTime" : 124.34999999999985,
    "pct3ResTime" : 398.6399999999993,
    "throughput" : 1.0254937752527842,
    "receivedKBytesPerSec" : 8.967061780872491,
    "sentKBytesPerSec" : 0.5968694238775971
  },
  "api/areas/sub-district/32.17" : {
    "transaction" : "api/areas/sub-district/32.17",
    "sampleCount" : 100,
    "errorCount" : 0,
    "errorPct" : 0.0,
    "meanResTime" : 46.589999999999996,
    "medianResTime" : 24.0,
    "minResTime" : 14.0,
    "maxResTime" : 653.0,
    "pct1ResTime" : 65.40000000000003,
    "pct2ResTime" : 235.04999999999978,
    "pct3ResTime" : 649.2599999999981,
    "throughput" : 1.027031468244187,
    "receivedKBytesPerSec" : 1.9437372904855805,
    "sentKBytesPerSec" : 0.6148147363610221
  },
  "api/login" : {
    "transaction" : "api/login",
    "sampleCount" : 100,
    "errorCount" : 0,
    "errorPct" : 0.0,
    "meanResTime" : 273.75999999999993,
    "medianResTime" : 196.5,
    "minResTime" : 121.0,
    "maxResTime" : 1674.0,
    "pct1ResTime" : 512.2,
    "pct2ResTime" : 665.6499999999994,
    "pct3ResTime" : 1666.179999999996,
    "throughput" : 1.009642081881973,
    "receivedKBytesPerSec" : 1.0973941768892927,
    "sentKBytesPerSec" : 0.5127088697056893
  }
}